{
  "project_info": {
    "project_number": "967024912981",
    "project_id": "midterm-d95a2",
    "storage_bucket": "midterm-d95a2.firebasestorage.app"
  },
  "client": [
    {
      "client_info": {
        "mobilesdk_app_id": "1:967024912981:android:898071cbfb1d9c739042dc",
        "android_client_info": {
          "package_name": "com.example.giuaky"
        }
      },
      "oauth_client": [],
      "api_key": [
        {
          "current_key": "AIzaSyB69noR0PfZ3T34-rXLjHYo9mOIVXgz4yk"
        }
      ],
      "services": {
        "appinvite_service": {
          "other_platform_oauth_client": []
        }
      }
    }
  ],
  "configuration_version": "1"
}